User,Features
user-0,0
user-1,0
user-2,0
user-3,0
user-4,0
user-5,0
user-6,0
user-7,0
user-8,0
user-9,0
user-10,0
user-11,0
user-12,0
user-13,0
user-14,0
user-15,0
user-16,0
user-17,0
user-18,0
user-19,0
user-20,0
user-21,0
user-22,0
user-23,0
user-24,0
user-25,0
user-26,0
user-27,0
user-28,0
user-29,0
user-30,0
user-31,0
user-32,0
user-33,0
user-34,0
user-35,0
user-36,0
user-37,0
user-38,0
user-39,0
user-40,0
user-41,0
user-42,0
user-43,0
user-44,0
user-45,0
user-46,0
user-47,0
user-48,0
user-49,0
user-50,0
user-51,0
user-52,0
user-53,0
user-54,0
user-55,0
user-56,0
user-57,0
user-58,0
user-59,0
user-60,0
user-61,0
user-62,0
user-63,0
user-64,0
user-65,0
user-66,0
user-67,0
user-68,0
user-69,0
user-70,0
user-71,0
user-72,0
user-73,0
user-74,0
user-75,0
user-76,0
user-77,0
user-78,0
user-79,0
user-80,0
user-81,0
user-82,0
user-83,0
user-84,0
user-85,0
user-86,0
user-87,0
user-88,0
user-89,0
user-90,0
user-91,0
user-92,0
user-93,0
user-94,0
user-95,0
user-96,0
user-97,0
user-98,0
user-99,0
user-100,0
user-101,0
user-102,0
user-103,0
user-104,0
user-105,0
user-106,0
user-107,0
user-108,0
user-109,0
user-110,0
user-111,0
user-112,0
user-113,0
user-114,0
user-115,0
user-116,0
user-117,0
user-118,0
user-119,0
user-120,0
user-121,0
user-122,0
user-123,0
user-124,0
user-125,0
user-126,0
user-127,0
user-128,0
user-129,0
user-130,0
user-131,0
user-132,0
user-133,0
user-134,0
user-135,0
user-136,0
user-137,0
user-138,0
user-139,0
user-140,0
user-141,0
user-142,0
user-143,0
user-144,0
user-145,0
user-146,0
user-147,0
user-148,0
user-149,0
user-150,0
user-151,0
user-152,0
user-153,0
user-154,0
user-155,0
user-156,0
user-157,0
user-158,0
user-159,0
user-160,0
user-161,0
user-162,0
user-163,0
user-164,0
user-165,0
user-166,0
user-167,0
user-168,0
user-169,0
user-170,0
user-171,0
user-172,0
user-173,0
user-174,0
user-175,0
user-176,0
user-177,0
user-178,0
user-179,0
user-180,0
user-181,0
user-182,0
user-183,0
user-184,0
user-185,0
user-186,0
user-187,0
user-188,0
user-189,0
user-190,0
user-191,0
user-192,0
user-193,0
user-194,0
user-195,0
user-196,0
user-197,0
user-198,0
user-199,0
user-200,0
user-201,0
user-202,0
user-203,0
user-204,0
user-205,0
user-206,0
user-207,0
user-208,0
user-209,0
user-210,0
user-211,0
user-212,0
user-213,0
user-214,0
user-215,0
user-216,0
user-217,0
user-218,0
user-219,0
user-220,0
user-221,0
user-222,0
user-223,0
user-224,0
user-225,0
user-226,0
user-227,0
user-228,0
user-229,0
user-230,0
user-231,0
user-232,0
user-233,0
user-234,0
user-235,0
user-236,0
user-237,0
user-238,0
user-239,0
user-240,0
user-241,0
user-242,0
user-243,0
user-244,0
user-245,0
user-246,0
user-247,0
user-248,0
user-249,0
user-250,0
user-251,0
user-252,0
user-253,0
user-254,0
user-255,0
user-256,0
user-257,0
user-258,0
user-259,0
user-260,0
user-261,0
user-262,0
user-263,0
user-264,0
user-265,0
user-266,0
user-267,0
user-268,0
user-269,0
user-270,0
user-271,0
user-272,0
user-273,0
user-274,0
user-275,0
user-276,0
user-277,0
user-278,0
user-279,0
user-280,0
user-281,0
user-282,0
user-283,0
user-284,0
user-285,0
user-286,0
user-287,0
user-288,0
user-289,0
user-290,0
user-291,0
user-292,0
user-293,0
user-294,0
user-295,0
user-296,0
user-297,0
user-298,0
user-299,0
user-300,0
user-301,0
user-302,0
user-303,0
user-304,0
user-305,0
user-306,0
user-307,0
user-308,0
user-309,0
user-310,0
user-311,0
user-312,0
user-313,0
user-314,0
user-315,0
user-316,0
user-317,0
user-318,0
user-319,0
user-320,0
user-321,0
user-322,0
user-323,0
user-324,0
user-325,0
user-326,0
user-327,0
user-328,0
user-329,0
user-330,0
user-331,0
user-332,0
user-333,0
user-334,0
user-335,0
user-336,0
user-337,0
user-338,0
user-339,0
user-340,0
user-341,0
user-342,0
user-343,0
user-344,0
user-345,0
user-346,0
user-347,0
user-348,0
user-349,0
user-350,0
user-351,0
user-352,0
user-353,0
user-354,0
user-355,0
user-356,0
user-357,0
user-358,0
user-359,0
user-360,0
user-361,0
user-362,0
user-363,0
user-364,0
user-365,0
user-366,0
user-367,0
user-368,0
user-369,0
user-370,0
user-371,0
user-372,0
user-373,0
user-374,0
user-375,0
user-376,0
user-377,0
user-378,0
user-379,0
user-380,0
user-381,0
user-382,0
user-383,0
user-384,0
user-385,0
user-386,0
user-387,0
user-388,0
user-389,0
user-390,0
user-391,0
user-392,0
user-393,0
user-394,0
user-395,0
user-396,0
user-397,0
user-398,0
user-399,0
user-400,0
user-401,0
user-402,0
user-403,0
user-404,0
user-405,0
user-406,0
user-407,0
user-408,0
user-409,0
user-410,0
user-411,0
user-412,0
user-413,0
user-414,0
user-415,0
user-416,0
user-417,0
user-418,0
user-419,0
user-420,0
user-421,0
user-422,0
user-423,0
user-424,0
user-425,0
user-426,0
user-427,0
user-428,0
user-429,0
user-430,0
user-431,0
user-432,0
user-433,0
user-434,0
user-435,0
user-436,0
user-437,0
user-438,0
user-439,0
user-440,0
user-441,0
user-442,0
user-443,0
user-444,0
user-445,0
user-446,0
user-447,0
user-448,0
user-449,0
user-450,0
user-451,0
user-452,0
user-453,0
user-454,0
user-455,0
user-456,0
user-457,0
user-458,0
user-459,0
user-460,0
user-461,0
user-462,0
user-463,0
user-464,0
user-465,0
user-466,0
user-467,0
user-468,0
user-469,0
user-470,0
user-471,0
user-472,0
user-473,0
user-474,0
user-475,0
user-476,0
user-477,0
user-478,0
user-479,0
user-480,0
user-481,0
user-482,0
user-483,0
user-484,0
user-485,0
user-486,0
user-487,0
user-488,0
user-489,0
user-490,0
user-491,0
user-492,0
user-493,0
user-494,0
user-495,0
user-496,0
user-497,0
user-498,0
user-499,0